Symbol,Company Name,Industry,MarketCap_Cr
AADHARHFC,Aadhar Housing Finance Ltd.,Financial Services,22969
AARTIDRUGS,Aarti Drugs Ltd.,Healthcare,3533
AARTIIND,Aarti Industries Ltd.,Chemicals,16885
AARTIPHARM,Aarti Pharmalabs Ltd.,Healthcare,6223
AAVAS,Aavas Financiers Ltd.,Financial Services,11892
ABDL,Allied Blenders and Distillers Ltd.,Fast Moving Consumer Goods,18875
ABFRL,Aditya Birla Fashion and Retail Ltd.,Consumer Services,7095
ABLBL,Aditya Birla Lifestyle Brands Ltd.,Consumer Services,11361
ABREL,Aditya Birla Real Estate Ltd.,Realty,14955
ACE,Action Construction Equipment Ltd.,Capital Goods,11529
ACI,Archean Chemical Industries Ltd.,Chemicals,6422
ADVENZYMES,Advanced Enzyme Tech Ltd.,Healthcare,3568
AEQUS,Aequs Ltd.,Capital Goods,16773
AETHER,Aether Industries Ltd.,Chemicals,18758
AFCONS,Afcons Infrastructure Ltd.,Construction,11087
AFFLE,Affle 3i Ltd.,Information Technology,20501
AGARWALEYE,Dr. Agarwal's Health Care Ltd.,Healthcare,15147
AGL,Allcargo Global Ltd.,Services,1762
AHLUCONT,Ahluwalia Contracts (India) Ltd.,Construction,5496
AKUMS,Akums Drugs and Pharmaceuticals Ltd.,Healthcare,9911
ALIVUS,Alivus Life Sciences Ltd.,Healthcare,13871
ALKYLAMINE,Alkyl Amines Chemicals Ltd.,Chemicals,9480
ALOKINDS,Alok Industries Ltd.,Textiles,6157
ANANTRAJ,Anant Raj Ltd.,Realty,19604
ANUP,The Anup Engineering Ltd.,Capital Goods,4277
ANURAS,Anupam Rasayan India Ltd.,Chemicals,14341
APLLTD,Alembic Pharmaceuticals Ltd.,Healthcare,15947
APOLLO,Apollo Micro Systems Ltd.,Capital Goods,14619
APTUS,Aptus Value Housing Finance India Ltd.,Financial Services,13917
ARE&M,Amara Raja Energy & Mobility Ltd.,Automobile and Auto Components,15284
ARVIND,Arvind Ltd.,Textiles,13774
ARVINDFASN,Arvind Fashions Ltd.,Consumer Services,6155
ASAHIINDIA,Asahi India Glass Ltd.,Automobile and Auto Components,22343
ASHAPURMIN,Ashapura Minechem Ltd.,Metals & Mining,5993
ASHOKA,Ashoka Buildcon Ltd.,Construction,3537
ASKAUTOLTD,ASK Automotive Ltd.,Automobile and Auto Components,9177
ASTRAMICRO,Astra Microwave Products Ltd.,Capital Goods,17178
ATLANTAELE,Atlanta Electricals Ltd.,Capital Goods,12709
ATUL,Atul Ltd.,Chemicals,18567
AURIONPRO,Aurionpro Solution Ltd.,Information Technology,4514
AVALON,Avalon Technologies Ltd.,Capital Goods,10898
AVANTIFEED,Avanti Feeds Ltd.,Fast Moving Consumer Goods,12407
AVL,Aditya Vision Ltd.,Consumer Services,8296
AWFIS,Awfis Space Solutions Ltd.,Services,2134
AWL,AWL Agri Business Ltd.,Fast Moving Consumer Goods,23466
AXISCADES,AXISCADES Technologies Ltd.,Capital Goods,6535
AZAD,Azad Engineering Ltd.,Capital Goods,14398
BAJAJELEC,Bajaj Electricals Ltd,Consumer Durables,3704
BALAMINES,Balaji Amines Ltd.,Chemicals,7118
BALRAMCHIN,Balrampur Chini Mills Ltd.,Fast Moving Consumer Goods,11849
BALUFORGE,Balu Forge Industries Ltd.,Capital Goods,5057
BANCOINDIA,Banco Products (India) Ltd.,Automobile and Auto Components,9435
BATAINDIA,Bata India Ltd.,Consumer Durables,8598
BAYERCROP,Bayer Cropscience Ltd.,Chemicals,18712
BBOX,Black Box Ltd.,Information Technology,16547
BBTC,Bombay Burmah Trading Corporation Ltd.,Fast Moving Consumer Goods,10453
BECTORFOOD,Mrs. Bectors Food Specialities Ltd.,Fast Moving Consumer Goods,5132
BELRISE,Belrise Industries Ltd.,Automobile and Auto Components,20088
BEML,BEML Ltd.,Capital Goods,14794
BIKAJI,Bikaji Foods International Ltd.,Fast Moving Consumer Goods,16146
BIRLACORPN,Birla Corporation Ltd.,Construction Materials,7211
BLACKBUCK,Blackbuck Ltd.,Services,10186
BLS,BLS International Services Ltd.,Consumer Services,9988
BLUEDART,Blue Dart Express Ltd.,Services,11364
BLUEJET,Blue Jet Healthcare Ltd.,Healthcare,9761
BLUESTONE,BlueStone Jewellery and Lifestyle Ltd.,Consumer Durables,8629
BORORENEW,Borosil Renewables Ltd.,Capital Goods,8341
BRIGADE,Brigade Enterprises Ltd.,Realty,16398
BSOFT,Birlasoft Ltd.,Information Technology,7610
CAMPUS,Campus Activewear Ltd.,Consumer Durables,7027
CAMS,Computer Age Management Services Ltd.,Financial Services,18610
CANFINHOME,Can Fin Homes Ltd.,Financial Services,11881
CANHLIFE,Canara HSBC Life Insurance Company Ltd.,Financial Services,13444
CAPILLARY,Capillary Technologies India Ltd.,Information Technology,4058
CAPLIPOINT,Caplin Point Laboratories Ltd.,Healthcare,19219
CARBORUNIV,Carborundum Universal Ltd.,Capital Goods,20583
CARTRADE,Cartrade Tech Ltd.,Consumer Services,13331
CASTROLIND,Castrol India Ltd.,Oil Gas & Consumable Fuels,18132
CCAVENUE,AvenuesAI Ltd.,Financial Services,5650
CCL,CCL Products (I) Ltd.,Fast Moving Consumer Goods,15749
CEATLTD,Ceat Ltd.,Automobile and Auto Components,15566
CELLO,Cello World Ltd.,Consumer Durables,7908
CENTURYPLY,Century Plyboards (India) Ltd.,Consumer Durables,17113
CERA,Cera Sanitaryware Ltd,Consumer Durables,8153
CESC,CESC Ltd.,Power,21710
CGCL,Capri Global Capital Ltd.,Financial Services,22809
CHALET,Chalet Hotels Ltd.,Consumer Services,17517
CHAMBLFERT,Chambal Fertilizers & Chemicals Ltd.,Chemicals,18069
CHENNPETRO,Chennai Petroleum Corporation Ltd.,Oil Gas & Consumable Fuels,16528
CHOICEIN,Choice International Ltd.,Financial Services,17134
CIEINDIA,CIE Automotive India Ltd.,Automobile and Auto Components,17113
CLEAN,Clean Science and Technology Ltd.,Chemicals,8161
CMSINFO,CMS Info Systems Ltd.,Services,4223
COHANCE,Cohance Lifesciences Ltd.,Healthcare,16497
CONCORDBIO,Concord Biotech Ltd.,Healthcare,13180
CRAFTSMAN,Craftsman Automation Ltd.,Automobile and Auto Components,24014
CRAMC,Canara Robeco Asset Management Company Ltd.,Financial Services,4858
CREDITACC,CreditAccess Grameen Ltd.,Financial Services,24617
CRIZAC,Crizac Ltd.,Consumer Services,3414
CROMPTON,Crompton Greaves Consumer Electricals Ltd.,Consumer Durables,16922
CSBBANK,CSB Bank Ltd.,Financial Services,5944
CUB,City Union Bank Ltd.,Financial Services,21805
CYIENT,Cyient Ltd.,Information Technology,9224
DATAMATICS,Datamatics Global Services Ltd.,Information Technology,5013
DATAPATTNS,Data Patterns (India) Ltd.,Capital Goods,24019
DBL,Dilip Buildcon Ltd.,Construction,6804
DCBBANK,DCB Bank Ltd.,Financial Services,5797
DCMSHRIRAM,DCM Shriram Ltd.,Diversified,16113
DEEPAKFERT,Deepak Fertilisers & Petrochemicals Corp. Ltd.,Chemicals,19220
DEEPAKNTR,Deepak Nitrite Ltd.,Chemicals,21431
DEVYANI,Devyani International Ltd.,Consumer Services,13899
DIACABS,Diamond Power Infrastructure Ltd.,Capital Goods,12190
DOMS,DOMS Industries Ltd.,Fast Moving Consumer Goods,13642
DYNAMATECH,Dynamatic Technologies Ltd.,Capital Goods,7166
ECLERX,eClerx Services Ltd.,Services,13595
EDELWEISS,Edelweiss Financial Services Ltd.,Financial Services,11095
EIDPARRY,E.I.D. Parry (India) Ltd.,Fast Moving Consumer Goods,12848
EIEL,Enviro Infra Engineers Ltd.,Utilities,3950
EIHOTEL,EIH Ltd.,Consumer Services,20118
ELECON,Elecon Engineering Co. Ltd.,Capital Goods,11176
ELECTCAST,Electrosteel Castings Ltd.,Capital Goods,4617
ELGIEQUIP,Elgi Equipments Ltd.,Capital Goods,18144
ELLEN,Ellenbarrie Industrial Gases Ltd.,Chemicals,3584
EMAMILTD,Emami Ltd.,Fast Moving Consumer Goods,17763
EMBDL,Embassy Developments Ltd.,Realty,8788
EMIL,Electronics Mart India Ltd.,Consumer Services,5004
EMMVEE,Emmvee Photovoltaic Power Ltd.,Capital Goods,22789
ENGINERSIN,Engineers India Ltd.,Construction,13213
ENTERO,Entero Healthcare Solutions Ltd.,Consumer Services,5103
EPL,EPL Ltd.,Capital Goods,7490
EQUITASBNK,Equitas Small Finance Bank Ltd.,Financial Services,8787
ERIS,Eris Lifesciences Ltd.,Healthcare,19623
ETHOSLTD,Ethos Ltd.,Consumer Durables,6560
EUREKAFORB,Eureka Forbes Ltd.,Consumer Durables,8538
FEDFINA,Fedbank Financial Services Ltd.,Financial Services,5585
FIEMIND,Fiem Industries Ltd,Automobile and Auto Components,5740
FINCABLES,Finolex Cables Ltd.,Capital Goods,15736
FINPIPE,Finolex Industries Ltd.,Capital Goods,10204
FIRSTCRY,Brainbees Solutions Ltd.,Consumer Services,10030
FIVESTAR,Five-Star Business Finance Ltd.,Financial Services,15881
FORCEMOT,Force Motors Ltd.,Automobile and Auto Components,23538
FSL,Firstsource Solutions Ltd.,Services,16379
GABRIEL,Gabriel India Ltd.,Automobile and Auto Components,21817
GAEL,Gujarat Ambuja Exports Ltd.,Fast Moving Consumer Goods,7307
GALLANTT,Gallantt Ispat Ltd.,Capital Goods,15721
GESHIP,Great Eastern Shipping Co. Ltd.,Services,19632
GHCL,GHCL Ltd.,Chemicals,3864
GMDCLTD,Gujarat Mineral Development Corporation Ltd.,Metals & Mining,18557
GMMPFAUDLR,GMM Pfaudler Ltd.,Capital Goods,3416
GMRP&UI,GMR Power and Urban Infra Ltd.,Power,7634
GNFC,Gujarat Narmada Valley Fertilizers and Chemicals Ltd.,Chemicals,7313
GODREJAGRO,Godrej Agrovet Ltd.,Fast Moving Consumer Goods,10646
GOKEX,Gokaldas Exports Ltd.,Textiles,5925
GOKULAGRO,Gokul Agro Resources Ltd.,Fast Moving Consumer Goods,6097
GPIL,Godawari Power & Ispat Ltd.,Capital Goods,16044
GPPL,Gujarat Pipavav Port Ltd.,Services,7267
GRANULES,Granules India Ltd.,Healthcare,21299
GRAPHITE,Graphite India Ltd.,Capital Goods,11319
GRAVITA,Gravita India Ltd.,Metals & Mining,12585
GREAVESCOT,Greaves Cotton Ltd.,Capital Goods,5231
GRWRHITECH,Garware Hi-Tech Films Ltd.,Capital Goods,15848
GSFC,Gujarat State Fertilizers & Chemicals Ltd.,Chemicals,6347
HAPPSTMNDS,Happiest Minds Technologies Ltd.,Information Technology,5174
HBLENGINE,HBL Engineering Ltd.,Capital Goods,20985
HCC,Hindustan Construction Co. Ltd.,Construction,5972
HCG,Healthcare Global Enterprises Ltd.,Healthcare,9473
HEG,H.E.G. Ltd.,Capital Goods,10163
HEMIPROP,Hemisphere Properties India Ltd.,Services,3871
HERITGFOOD,Heritage Foods Ltd.,Fast Moving Consumer Goods,3042
HGINFRA,H.G. Infra Engineering Ltd.,Construction,3583
HOMEFIRST,Home First Finance Company India Ltd.,Financial Services,12541
HONASA,Honasa Consumer Ltd.,Fast Moving Consumer Goods,15245
ICIL,Indo Count Industries Ltd.,Textiles,8144
IEX,Indian Energy Exchange Ltd.,Financial Services,10393
IFBIND,IFB Industries Ltd.,Consumer Durables,5096
IFCI,IFCI Ltd.,Financial Services,19911
IGIL,International Gemological Institute Ltd.,Services,14596
IGL,Indraprastha Gas Ltd.,Oil Gas & Consumable Fuels,21017
IIFL,IIFL Finance Ltd.,Financial Services,22021
IIFLCAPS,IIFL Capital Services Ltd.,Financial Services,10601
IMFA,Indian Metals & Ferro Alloys Ltd.,Metals & Mining,7251
INDGN,Indegene Ltd.,Healthcare,11893
INDIACEM,India Cements Ltd.,Construction Materials,17267
INDIAGLYCO,India Glycols Ltd.,Fast Moving Consumer Goods,6957
INDIAMART,Indiamart Intermesh Ltd.,Consumer Services,11441
INDIASHLTR,India Shelter Finance Corporation Ltd.,Financial Services,8444
INDIGOPNTS,Indigo Paints Ltd.,Consumer Durables,5007
INOXGREEN,Inox Green Energy Services Ltd.,Services,7863
INOXINDIA,INOX India Ltd.,Capital Goods,17026
INOXWIND,Inox Wind Ltd.,Capital Goods,14296
INTELLECT,Intellect Design Arena Ltd.,Information Technology,10440
IONEXCHANG,Ion Exchange (India) Ltd.,Utilities,4880
IRB,IRB Infrastructure Developers Ltd.,Construction,24120
IRCON,IRCON International Ltd.,Construction,12133
IXIGO,Le Travenues Technology Ltd.,Consumer Services,8792
J&KBANK,Jammu & Kashmir Bank Ltd.,Financial Services,18275
JAIBALAJI,Jai Balaji Industries Ltd.,Metals & Mining,6046
JAINREC,Jain Resource Recycling Ltd.,Metals & Mining,11904
JAMNAAUTO,Jamna Auto Industries Ltd.,Automobile and Auto Components,5294
JAYNECOIND,Jayaswal Neco Industries Ltd.,Capital Goods,8342
JBMA,JBM Auto Ltd.,Automobile and Auto Components,15641
JINDALSAW,Jindal Saw Ltd.,Capital Goods,16556
JKLAKSHMI,JK Lakshmi Cement Ltd.,Construction Materials,7039
JKPAPER,JK Paper Ltd.,Forest Materials,6426
JKTYRE,JK Tyre & Industries Ltd.,Automobile and Auto Components,11447
JLHL,Jupiter Life Line Hospitals Ltd.,Healthcare,9464
JMFINANCIL,JM Financial Ltd.,Financial Services,11956
JPPOWER,Jaiprakash Power Ventures Ltd.,Power,11582
JSFB,Jana Small Finance Bank Ltd.,Financial Services,4648
JSLL,Jeena Sikho Lifecare Ltd.,Consumer Services,7004
JSWCEMENT,JSW Cement Ltd.,Construction Materials,18030
JSWDULUX,JSW Dulux Ltd.,Consumer Durables,13853
JUBLINGREA,Jubilant Ingrevia Ltd.,Chemicals,10737
JUBLPHARMA,Jubilant Pharmova Ltd.,Healthcare,15375
JUSTDIAL,Justdial Ltd.,Consumer Services,4597
JWL,Jupiter Wagons Ltd.,Capital Goods,10637
JYOTHYLAB,Jyothy Labs Ltd.,Fast Moving Consumer Goods,6945
JYOTICNC,Jyoti CNC Automation Ltd.,Capital Goods,17140
KAJARIACER,Kajaria Ceramics Ltd.,Consumer Durables,19010
KANSAINER,Kansai Nerolac Paints Ltd.,Consumer Durables,16500
KAYNES,Kaynes Technology India Ltd.,Capital Goods,21523
KEC,Kec International Ltd.,Construction,12963
KFINTECH,Kfin Technologies Ltd.,Financial Services,14655
KIRLOSBROS,Kirloskar Brothers Ltd.,Capital Goods,14722
KIRLPNU,Kirloskar Pneumatic Company Ltd.,Capital Goods,11337
KITEX,Kitex Garments Ltd.,Textiles,3019
KNRCON,KNR Constructions Ltd.,Construction,3580
KPIGREEN,KPI Green Energy Ltd.,Power,7841
KPIL,Kalpataru Projects International Ltd.,Construction,22754
KPITTECH,KPIT Technologies Ltd.,Information Technology,15098
KRBL,KRBL Ltd.,Fast Moving Consumer Goods,8235
KRN,KRN Heat Exchanger and Refrigeration Ltd.,Capital Goods,7888
KSB,KSB Ltd.,Capital Goods,16144
KSCL,Kaveri Seed Company Ltd.,Fast Moving Consumer Goods,4418
KTKBANK,Karnataka Bank Ltd.,Financial Services,9941
LATENTVIEW,Latent View Analytics Ltd.,Information Technology,6059
LEMONTREE,Lemon Tree Hotels Ltd.,Consumer Services,9259
LLOYDSENGG,Lloyds Engineering Works Ltd.,Capital Goods,11649
LLOYDSENT,Lloyds Enterprises Ltd.,Metals & Mining,10889
LOTUSDEV,Sri Lotus Developers and Realty Ltd.,Realty,6808
LTFOODS,LT Foods Ltd.,Fast Moving Consumer Goods,13206
LUMAXTECH,Lumax Auto Technologies Ltd.,Automobile and Auto Components,9871
LXCHEM,Laxmi Organic Industries Ltd.,Chemicals,4175
MAHSCOOTER,Maharashtra Scooters Ltd.,Financial Services,14730
MAHSEAMLES,Maharashtra Seamless Ltd.,Capital Goods,7812
MANORAMA,Manorama Industries Ltd.,Fast Moving Consumer Goods,9537
MAPMYINDIA,C.E. Info Systems Ltd.,Information Technology,5101
MARKSANS,Marksans Pharma Ltd.,Healthcare,11939
MASTEK,Mastek Ltd.,Information Technology,4979
MEDPLUS,Medplus Health Services Ltd.,Consumer Services,9801
METROPOLIS,Metropolis Healthcare Ltd.,Healthcare,11390
MGL,Mahanagar Gas Ltd.,Oil Gas & Consumable Fuels,10805
MIDHANI,Mishra Dhatu Nigam Ltd.,Capital Goods,7657
MINDACORP,Minda Corporation Ltd.,Automobile and Auto Components,16083
MMTC,MMTC Ltd.,Services,9515
MOIL,MOIL Ltd.,Metals & Mining,5474
MSTCLTD,MSTC Ltd.,Services,4616
MTARTECH,MTAR Technologies Ltd.,Capital Goods,20998
NATCOPHARM,NATCO Pharma Ltd.,Healthcare,17307
NAVA,Nava Ltd.,Power,16766
NAZARA,Nazara Technologies Ltd.,Media Entertainment & Publication,10949
NCC,NCC Ltd.,Construction,9035
NEOGEN,NEOGEN CHEMICALS LTD.,Chemicals,5342
NESCO,NESCO Ltd.,Services,7727
NETWEB,Netweb Technologies India Ltd.,Information Technology,23752
NETWORK18,Network18 Media & Investments Ltd.,Media Entertainment & Publication,4782
NEULANDLAB,Neuland Laboratories Ltd.,Healthcare,24234
NEWGEN,Newgen Software Technologies Ltd.,Information Technology,6573
NFL,National Fertilizers Ltd.,Chemicals,3565
NIVABUPA,Niva Bupa Health Insurance Company Ltd.,Financial Services,15706
NSLNISP,NMDC Steel Ltd.,Metals & Mining,12484
NUVOCO,Nuvoco Vistas Corporation Ltd.,Construction Materials,11063
OLAELEC,Ola Electric Mobility Ltd.,Automobile and Auto Components,18112
OLECTRA,Olectra Greentech Ltd.,Automobile and Auto Components,11448
ONESOURCE,Onesource Specialty Pharma Ltd.,Healthcare,18481
OPTIEMUS,Optiemus Infracom Ltd.,Telecommunication,4774
ORIENTCEM,Orient Cement Ltd.,Construction Materials,2755
ORKLAINDIA,Orkla India Ltd.,Fast Moving Consumer Goods,8213
OSWALPUMPS,Oswal Pumps Ltd.,Capital Goods,4631
PARADEEP,Paradeep Phosphates Ltd.,Chemicals,14521
PARAS,Paras Defence and Space Technologies Ltd.,Capital Goods,10286
PARKHOSPS,Park Medi World Ltd.,Healthcare,11831
PCBL,PCBL Chemical Ltd.,Chemicals,11686
PCJEWELLER,PC Jeweller Ltd.,Consumer Durables,9342
PFIZER,Pfizer Ltd.,Healthcare,20733
PFOCUS,Prime Focus Ltd.,Media Entertainment & Publication,18154
PGEL,PG Electroplast Ltd.,Consumer Durables,16121
PGIL,Pearl Global Industries Ltd.,Textiles,9014
PICCADIL,Piccadily Agro Industries Ltd.,Fast Moving Consumer Goods,6343
PINELABS,Pine Labs Ltd.,Financial Services,16393
PNCINFRA,PNC Infratech Ltd.,Construction,6110
PNGJL,P N Gadgil Jewellers Ltd.,Consumer Durables,7783
POLYMED,Poly Medicure Ltd.,Healthcare,16382
POWERMECH,Power Mech Projects Ltd.,Construction,8102
PPLPHARMA,Piramal Pharma Ltd.,Healthcare,22306
PRAJIND,Praj Industries Ltd.,Capital Goods,6528
PRICOLLTD,Pricol Ltd.,Automobile and Auto Components,7420
PRIVISCL,Privi Speciality Chemicals Ltd.,Chemicals,13858
PRSMJOHNSN,Prism Johnson Ltd.,Construction Materials,5588
PRUDENT,Prudent Corporate Advisory Services Ltd.,Financial Services,12078
PTC,PTC India Ltd.,Power,4985
PURVA,Puravankara Ltd.,Realty,5095
PVRINOX,PVR INOX Ltd.,Media Entertainment & Publication,9587
QPOWER,Quality Power Electrical Equipments Ltd.,Capital Goods,8517
QUESS,Quess Corp Ltd.,Services,4339
RAILTEL,Railtel Corporation Of India Ltd.,Telecommunication,9585
RAIN,Rain Industries Ltd,Chemicals,6684
RAINBOW,Rainbow Childrens Medicare Ltd.,Healthcare,14518
RALLIS,Rallis India Ltd.,Chemicals,4339
RAMCOCEM,The Ramco Cements Ltd.,Construction Materials,21470
RATEGAIN,Rategain Travel Technologies Ltd.,Information Technology,10852
RATNAMANI,Ratnamani Metals & Tubes Ltd.,Capital Goods,18157
RAYMONDLSL,Raymond Lifestyle Ltd.,Textiles,4474
RBA,Restaurant Brands Asia Ltd.,Consumer Services,5152
RCF,Rashtriya Chemicals & Fertilizers Ltd.,Chemicals,7184
REDINGTON,Redington Ltd.,Services,20998
REDTAPE,Redtape Ltd.,Consumer Durables,7358
REFEX,Refex Industries Ltd.,Utilities,4591
RELAXO,Relaxo Footwears Ltd.,Consumer Durables,9579
RELIGARE,Religare Enterprises Ltd.,Financial Services,9080
RENUKA,Shree Renuka Sugars Ltd.,Fast Moving Consumer Goods,4802
RHIM,RHI MAGNESITA INDIA LTD.,Capital Goods,8061
RITES,RITES Ltd.,Construction,10724
RKFORGE,Ramkrishna Forgings Ltd.,Automobile and Auto Components,10271
ROUTE,Route Mobile Ltd.,Telecommunication,3362
RPOWER,Reliance Power Ltd.,Power,10186
RRKABEL,R R Kabel Ltd.,Capital Goods,24753
RTNINDIA,RattanIndia Enterprises Ltd.,Consumer Services,4416
RTNPOWER,RattanIndia Power Ltd.,Power,4720
RUBICON,Rubicon Research Ltd.,Healthcare,22839
SAATVIKGL,Saatvik Green Energy Ltd.,Capital Goods,5338
SAFARI,Safari Industries (India) Ltd.,Consumer Durables,7842
SAGILITY,Sagility Ltd.,Information Technology,18903
SAMHI,Samhi Hotels Ltd.,Consumer Services,3727
SAMMAANCAP,Sammaan Capital Ltd.,Financial Services,18740
SANDUMA,Sandur Manganese & Iron Ores Ltd.,Metals & Mining,9718
SANOFICONR,Sanofi Consumer Healthcare India Ltd.,Healthcare,10469
SANSERA,Sansera Engineering Ltd.,Automobile and Auto Components,19325
SAPPHIRE,Sapphire Foods India Ltd.,Consumer Services,5907
SARDAEN,Sarda Energy and Minerals Ltd.,Metals & Mining,17328
SAREGAMA,Saregama India Ltd,Media Entertainment & Publication,8584
SBFC,SBFC Finance Ltd.,Financial Services,10047
SCI,Shipping Corporation of India Ltd.,Services,12931
SENCO,Senco Gold Ltd.,Consumer Durables,5435
SFL,Sheela Foam Ltd.,Consumer Durables,8085
SHAILY,Shaily Engineering Plastics Ltd.,Consumer Durables,12851
SHAKTIPUMP,Shakti Pumps (India) Ltd.,Capital Goods,6992
SHARDACROP,Sharda Cropchem Ltd.,Chemicals,7975
SHAREINDIA,Share India Securities Ltd.,Financial Services,3889
SHILPAMED,Shilpa Medicare Ltd.,Healthcare,11644
SHRIPISTON,SPR Auto Technologies Ltd.,Automobile and Auto Components,18134
SIGNATURE,Signatureglobal (India) Ltd.,Realty,10826
SKFINDIA,SKF India Ltd.,Automobile and Auto Components,7847
SKFINDUS,SKF India (Industrial) Ltd.,Capital Goods,14321
SKIPPER,Skipper Ltd.,Capital Goods,6013
SKYGOLD,SKY GOLD AND DIAMONDS Ltd.,Consumer Durables,9068
SMARTWORKS,Smartworks Coworking Spaces Ltd.,Services,5173
SMLMAH,SML Mahindra Ltd.,Capital Goods,5610
SOBHA,Sobha Ltd.,Realty,15521
SONATSOFTW,Sonata Software Ltd.,Information Technology,7599
SOUTHBANK,South Indian Bank Ltd.,Financial Services,11441
SPARC,Sun Pharma Advanced Research Company Ltd.,Healthcare,8761
SPLPETRO,Supreme Petrochem Ltd.,Chemicals,13633
STAR,Strides Pharma Science Ltd.,Healthcare,9962
STARCEMENT,Star Cement Ltd.,Construction Materials,8181
STYL,Seshaasai Technologies Ltd.,Financial Services,5505
STYRENIX,Styrenix Performance Materials Ltd.,Chemicals,3879
SUBROS,Subros Ltd.,Capital Goods,5178
SUDARSCHEM,Sudarshan Chemical Industries Ltd.,Chemicals,7280
SUDEEPPHRM,Sudeep Pharma Ltd.,Chemicals,9039
SUMICHEM,Sumitomo Chemical India Ltd.,Chemicals,23315
SUNTECK,Sunteck Realty Ltd.,Realty,4584
SUNTV,Sun TV Network Ltd.,Media Entertainment & Publication,19570
SUPRIYA,Supriya Lifescience Ltd.,Healthcare,6935
SURYAROSNI,Surya Roshni Ltd.,Capital Goods,5531
SWANCORP,Swan Corp Ltd.,Chemicals,9888
SWSOLAR,Sterling and Wilson Renewable Energy Ltd.,Construction,5428
SYNGENE,Syngene International Ltd.,Healthcare,16537
TANLA,Tanla Platforms Ltd.,Information Technology,6967
TARC,TARC Ltd.,Realty,3667
TARIL,Transformers And Rectifiers (India) Ltd.,Capital Goods,9674
TATACHEM,Tata Chemicals Ltd.,Chemicals,18098
TATAELXSI,Tata Elxsi Ltd.,Information Technology,22575
TBOTEK,TBO Tek Ltd.,Consumer Services,15819
TDPOWERSYS,TD Power Systems Ltd.,Capital Goods,16873
TECHNOE,Techno Electric & Engineering Company Ltd.,Construction,12158
TEGA,Tega Industries Ltd.,Capital Goods,12332
TEJASNET,Tejas Networks Ltd.,Telecommunication,9510
TEXRAIL,Texmaco Rail & Eng. Ltd.,Capital Goods,4537
THANGAMAYL,Thangamayil Jewellery Ltd.,Consumer Durables,21154
THELEELA,Leela Palaces Hotels & Resorts Ltd.,Consumer Services,16050
THOMASCOOK,Thomas Cook (India) Ltd.,Consumer Services,4819
THYROCARE,Thyrocare Technologies Ltd.,Healthcare,8303
TI,Tilaknagar Industries Ltd.,Fast Moving Consumer Goods,10900
TIMETECHNO,Time Technoplast Ltd.,Capital Goods,8598
TIMKEN,Timken India Ltd.,Capital Goods,24090
TIPSMUSIC,Tips Music Ltd.,Media Entertainment & Publication,8545
TITAGARH,Titagarh Rail Systems Ltd.,Capital Goods,11004
TMB,Tamilnad Mercantile Bank Ltd.,Financial Services,11891
TRANSRAILL,Transrail Lighting Ltd.,Capital Goods,6542
TRAVELFOOD,Travel Food Services Ltd.,Consumer Services,17081
TRIDENT,Trident Ltd.,Textiles,12810
TRITURBINE,Triveni Turbine Ltd.,Capital Goods,19490
TSFINV,TSF Investments Ltd.,Financial Services,10299
TTML,Tata Teleservices (Maharashtra) Ltd.,Telecommunication,7884
TVSSCS,TVS Supply Chain Solutions Ltd.,Services,5950
UJJIVANSFB,Ujjivan Small Finance Bank Ltd.,Financial Services,11600
URBANCO,Urban Company Ltd.,Consumer Services,19421
USHAMART,Usha Martin Ltd.,Capital Goods,14905
UTIAMC,UTI Asset Management Company Ltd.,Financial Services,12486
UTLSOLAR,Fujiyama Power Systems Ltd.,Capital Goods,10654
VIJAYA,Vijaya Diagnostic Centre Ltd.,Healthcare,13644
VTL,Vardhman Textiles Ltd.,Textiles,18050
WELSPUNLIV,Welspun Living Ltd.,Textiles,15339
WHIRLPOOL,Whirlpool of India Ltd.,Consumer Durables,9902
ZEEL,Zee Entertainment Enterprises Ltd.,Media Entertainment & Publication,9563
ZENSARTECH,Zensar Technolgies Ltd.,Information Technology,10229
ZENTEC,Zen Technologies Ltd.,Capital Goods,16356
ZYDUSWELL,Zydus Wellness Ltd.,Fast Moving Consumer Goods,17814
